Master ID,Herb / Tree Name,Scientific Name,Family,Phytochemical,Canonical SMILES,Medicinal Activity,Target Protein / Receptor Name,PDB ID,Sanskrit Shloka (Bhavaprakasha Nighantu),Roman Transliteration,Dravyaguna Profile (Rasa/Virya/Vipaka),Classical Karma (Action)
M-001,Neem,Azadirachta indica,Meliaceae,Nimbin,CC(=O)OC1C(C2(CC3C(C24C1C(O4)C(=C)C(=O)OC)CC(C5(C3CC(O5)C6=COCO6)C)OC(=O)C)C)C,Antibacterial,Penicillin-Binding Protein 2a (PBP2a),1VQQ,?????? ???? ??????????? ?????????????? ????????? ??????????? ????????? ????????????,nimba? ??to laghustikto vra?a?odhanaropa?a? | cak?u?ya? kaphapittaghna? ku??hah?t k?mih?tpara? ||,Rasa: Tikta Kasaya; Virya: Shita; Vipaka: Katu,Krimighna (Antimicrobial) Vrana-shodhana Kusthaha
M-002,Tulsi,Ocimum sanctum,Lamiaceae,Eugenol,COC1=C(C=CC(=C1)CC=C)O,Antimicrobial,Candida albicans Secreted Aspartyl Proteinase 1,1ZAP,????? ????? ?????? ?????? ????? ????????????? ????? ?????????????????????????????????????,tulas? ka?uk? tikt? h?dy? u??? d?hapittak?t | d?pan? ku??hak?cchr?strap?r?va??lavin??in? ||,Rasa: Katu Tikta; Virya: Usna; Vipaka: Katu,Krimighna Hridya (Cardioprotective) Dipana
M-003,Ashwagandha,Withania somnifera,Solanaceae,Withaferin A,CC1=C(C(=O)C2=C(C1O)C3CCC4C5CC6C(C5(CCC4(C3(C2)C)O)C)OC(=O)C6(C)O)C7=CC(=O)OC7,Anticancer,Heat Shock Protein 90 (Hsp90),2YI5,????????? ??????????????????????????????? ????? ?????? ?????? ????????? ???????????,a?vagandh? anil??le?ma?vitra?othak?ay?pah? | baly? ras?yan? tikt? ka??yo??? ati?ukral? ||,Rasa: Tikta Kasaya Madhura; Virya: Usna; Vipaka: Madhura,Rasayana (Rejuvenative) Balya Shothahara
M-004,Turmeric,Curcuma longa,Zingiberaceae,Curcumin,COC1=C(O)C=CC(=C1)/C=C/C(=O)CC(=O)/C=C/C2=CC(=C(OC)C=C2)O,Anticancer,Glycogen Synthase Kinase-3 beta (GSK-3?),1Q5K,??????? ????? ?????? ?????????? ???????????? ??????? ???????????????????????????????????,haridr? ka?uk? tikt? r?k?o??? kaphapittanut | var?y? tvagdo?ameh?stra?othap???uvra??pah? ||,Rasa: Katu Tikta; Virya: Usna; Vipaka: Katu,Vranahara (Wound Healing) Lekhaniya Mehahara
M-005,Giloy,Tinospora cordifolia,Menispermaceae,Berberine,COC1=C(C2=C(C=C1)C3=CN4CCC5=CC6=C(C=C5C4C3=C2)OCO6)OC,Antidiabetic,AMP-activated Protein Kinase (AMPK),4CFE,?????? ????? ?????? ?????????? ??????? ????????????????????????????????????????,gu??c? ka?uk? tikt? sv?dup?k? ras?yan? | jvaraku??haprameh?r?a?ka???h?droghav?tanut ||,Rasa: Tikta Kasaya; Virya: Usna; Vipaka: Madhura,Pramehahara (Antidiabetic) Rasayana Tridosashamana
M-006,Brahmi,Bacopa monnieri,Plantaginaceae,Bacoside A,CC1C(C(C(C(O1)OC2C(C(OC3CC4(C5CCC6C7(CCC(C(C7CCC6(C5CC(=O)C4(C3(C)C)C)C)(C)C)O)C)C)CO)O)O)O)O,Neuroprotective,Human Beta-Amyloid (1-42) fibrils,2BEG,???????? ???? ??? ?????? ??????????? ???????? ??????? ?????? ??????? ??????????????????,br?hm? him? sar? tikt? matimedh?k?t? svary? | ?yu?y? ras?yan? svary? vism?tibramah?par? ||,Rasa: Tikta; Virya: Shita; Vipaka: Madhura,Medhya (Neuroprotective) Ayushya Vismrtihara
M-007,Arjuna,Terminalia arjuna,Combretaceae,Arjunic Acid,CC1CCC2(CCC3(C(=CCC4C3(CCC5C4(CCC(C5(C)C)O)C)C)C2C1O)C)C(=O)O,Cardioprotective,Human Angiotensin-Converting Enzyme (ACE),1O86,???????????? ???????? ??????????? ??????? ???????????????????????????? ??,kakubho'rjuna? k?rtita? sy?cch?tala? ka??yako | h?droghak?atak?ayavi?apra?amano'pi ca ||,Rasa: Kasaya; Virya: Shita; Vipaka: Katu,Hridya (Cardioprotective) Raktastambhana K?atahara
M-008,Sarpagandha,Rauvolfia serpentina,Apocynaceae,Reserpine,COC1=C(C=C2C(=C1)C3CC4C(CC3NC2C5CC(C(C(C5)C(=O)OC)OC(=O)C6=CC(=C(C(=C6)OC)OC)OC)O)C(=O)O)OC,Antihpertensive,Vesicular Monoamine Transporter 2 (VMAT2),7VUT,????????? ?? ?????????? ????? ? ??????? ??????????? ??????????? ???????????,sarpagandh? tu tikto??? ka?uk? ca kaph?pah? | nidr?prad? raktav?ta?aman? k?mamandin? ||,Rasa: Tikta Katu; Virya: Usna; Vipaka: Katu,Nidraprada (Sedative) Raktavata-shamana (Antihpertensive)
M-009,Vasaka,Justicia adhatoda,Acanthaceae,Vasicine,C1CC2=NC3=CC=CC=C3C4C2(C1)N=C(O4)C,Bronchodilator,Beta-2 Adrenergic Receptor,7DHI,????? ?????? ???? ????????? ? ???????? ???? ?????? ????????? ????????????????,v?sako v?sik? v?s? bhi?a?m?t? ca si?hik? | v?s? tikt? ka??yo??? kaphapittavin??in? ||,Rasa: Tikta Kasaya; Virya: Shita; Vipaka: Katu,Kashahara (Antitussive) Shwasahara (Bronchodilator)
M-010,Licorice (Mulethi),Glycyrrhiza glabra,Fabaceae,Glycyrrhizin,CC1(C2CCC3(C(C2(CCC1(C(=O)O)C)O)C(=O)C=C4C3(CCC5(C4CC(C(C5)(C)C(=O)O)OC6C(C(C(C(O6)C(=O)O)O)O)OC7C(C(C(C(O7)C(=O)O)O)O)O)C)C)C)C,Antiviral,SARS-CoV-2 Main Protease (Mpro),6LU7,???????? ??? ?????? ?????? ??????????? ???? ????????? ?????? ? ????????????????,ya???madhu rasa? sv?du su??la? balavar?ak?t | guru cak?u?ya? v??ya? ca vra?a?othavin??anam ||,Rasa: Madhura; Virya: Shita; Vipaka: Madhura,Vranashothahara Varnya Balya Jvarahara
M-011,Amla,Phyllanthus emblica,Phyllanthaceae,Gallic Acid,C1=C(C=C(C(=C1O)O)O)C(=O)O,Antioxidant,Human Peroxiredoxin 5,1HD2,??????????? ????????????? ??? ???????? ??? ????? ?????? ????????? ? ????????,vaya?sth?pan?? dh?tr?phalamamla? rase sm?tam | para? kaphahara? v??ya? cak?u?ya? ca ras?yanam ||,Rasa: Amla Madhura Tikta Kasaya Katu; Virya: Shita; Vipaka: Madhura,Rasayana Vayasthapana (Anti-aging) Chakshushya
M-012,Garlic,Allium sativum,Amaryllidaceae,Allicin,C=CCSS(=O)CC=C,Antibacterial,Staphylococcus aureus Sortase A,2GLA,????? ??????????? ???????? ?????????? ?????? ??? ?????? ???????????????????,la?una? ka?uko??a?ca t?k??o v?takaph?paha? | ras?yana? para? h?dya? krimiku??havin??ana? ||,Rasa: Katu Madhura Tikta Kasaya; Virya: Usna; Vipaka: Katu,Krimighna Hridya Rasayana Kusthahara
M-013,Ginger,Zingiber officinale,Zingiberaceae,6-Gingerol,CCCCCC(CC(=O)CCC1=CC(=C(C=C1)O)OC)O,Anticancer,Cyclooxygenase-2 (COX-2),1CX2,???????? ????? ????? ?????? ??????????? ???????????? ?????? ?????????????????,?rdraka? ka?uka? d?pana? co??a? v?takaph?paham | ??lah?dbhedana? h?dya? vibandh?n?han??anam ||,Rasa: Katu; Virya: Usna; Vipaka: Katu,Dipana (Digestive) Shoolahara Hridya
M-014,Black Pepper,Piper nigrum,Piperaceae,Piperine,C1CCN(CC1)C(=O)/C=C/C=C/C2=CC3=C(C=C2)OCO3,Bioenhancer,P-Glycoprotein,6I6H,????? ????? ???????? ????? ?????????? ????? ??????? ???????????????????????????,marica? ka?uka? t?k??a? d?pan? kaphav?tajit | u??a? praseki krimih?cchv?sa??lavin??anam ||,Rasa: Katu; Virya: Usna; Vipaka: Katu,Pramathi (Bioenhancer) Dipana Krimihara Shwasahara
M-015,Shankhpushpi,Convolvulus pluricaulis,Convolvulaceae,Scopoletin,COC1=C(C=C2C(=C1)C=CC(=O)O2)O,Anxiolytic,GABA-A Receptor,6D1M,?????????? ??? ?????? ?????? ???????????? ????? ?????? ??? ???????????????????,?a?khapu?p? sar? tikt? medhy? m?nasarogah?t | baly? ras?yan? caiva vism?tibramhan??in? ||,Rasa: Tikta; Virya: Shita; Vipaka: Madhura,Medhya Manasarogahara (Anxiolytic) Rasayana
M-016,Gotu Kola,Centella asiatica,Apiaceae,Asiaticoside,CC1CCC2(CCC3(C(=CCC4C3(CCC5C4(CCC(C5(C)C)O)C)C)C2C1O)C)C(=O)OC6C(C(C(C(O6)CO)O)O)O,Wound Healing,Collagenase,2Y6I,??????????? ???? ?????? ?????? ??????? ??????? ????????? ??? ??????? ??????????????????????,ma???kapar?? him? tikt? medhy? ?yu?y? ras?yan? | ka??yo??? sar? svary? ku??hameh?strak?sajit ||,Rasa: Tikta Kasaya; Virya: Shita; Vipaka: Madhura,Vranaropana (Wound Healing) Medhya Rasayana
M-017,Guggul,Commiphora mukul,Burseraceae,Guggulsterone E,CC=C1CCC2C3CCC4=CC(=O)CCC4(C3CCC12C)C,Hypolipidemic,Farnesoid X Receptor (FXR),1OSH,????????? ???????????? ?????????? ?????????? ??????? ??? ??????? ???????????? ?????,guggulu? ka?ukastikto v?ryo??a? kaphav?tajit | medohara? para? vra?ya? kledameh?paho laghu? ||,Rasa: Katu Tikta Kasaya; Virya: Usna; Vipaka: Katu,Medohara (Hypolipidemic) Shothahara Lekhaniya
M-018,Shatavari,Asparagus racemosus,Asparagaceae,Shatavarin IV,CC1CCC2(C(O1)C(C3C2(CCC4C3CCC5C4(CCC(C5)OC6C(C(C(C(O6)CO)O)O)OC7C(C(C(C(O7)CO)O)O)O)C)C)O)C,Immunomodulatory,Human Progesterone Receptor,1A28,?????? ???? ?????? ??? ?????? ??????? ???????? ???????? ????? ????????? ??????????,?at?var? him? tikt? rase sv?d? ras?yan? | stanyad? buddhid? baly? cak?u?y? kaphav?tajit ||,Rasa: Madhura Tikta; Virya: Shita; Vipaka: Madhura,Stanyada (Galactagogue) Balya Rasayana Ojovardhaka
M-019,Kalmegh,Andrographis paniculata,Acanthaceae,Andrographolide,CC1=C(C(=O)OC1C(C)C2CCC3(C2(CCC(C3=C)O)C)C)O,Hepatoprotective,Human Tumor Necrosis Factor Alpha,2TNF,?????????? ?????????? ???????????????? ???????????? ???????? ???????????????????,k?lameghastu tikto??a? kaphapittajvar?paha? | yak?tottejaka? ?re??ha? krimiku??havin??ana? ||,Rasa: Tikta; Virya: Usna; Vipaka: Katu,Yakrut-uttejaka (Hepatoprotective) Jvarahara
M-020,Karela (Bitter Melon),Momordica charantia,Cucurbitaceae,Charantin,CC1CCC2(C(O1)C(C3C2(CCC4C3CCC5C4(CCC(C5)OC6C(C(C(C(O6)CO)O)O)O)C)C)O)C,Antidiabetic,Insulin Receptor Tyrosine Kinase,1IRK,????????? ??? ???????? ?????? ???? ??? ???????? ????? ????? ????? ??????????????????,k?ravella? kadu t?k??a? tikta? p?ke ka?u sm?tam | d?pan?? bhedan?? hanti pramehakaphapittak?t ||,Rasa: Tikta Katu; Virya: Usna; Vipaka: Katu,Pramehahara (Antidiabetic) Dipana Raktashodhaka
M-021,Moringa,Moringa oleifera,Moringaceae,Quercetin,C1=CC(=C(C=C1C2=C(C(=O)C3=C(O2)C=C(C=C3O)O)O)O)O)O,Anticancer,PI3K,4FA6,???????????????????????? ????????????? ????????????????????? ????? ????? ?????,?igrust?k??o??aka?uka? kaphav?ta?othah?t | krimiku??havra?aghna?ca d?pano bhedano laghu? ||,Rasa: Katu Tikta Madhura; Virya: Usna; Vipaka: Katu,Shothahara (Anti-inflammatory/Tumor) Krimighna Dipana
M-022,Cinnamon,Cinnamomum verum,Lauraceae,Cinnamaldehyde,C1=CC=C(C=C1)/C=C/C=O,Antidiabetic,PPAR-gamma,3DZY,?????????? ??? ???????????? ??? ?????? ? ????????? ???????? ???????????????????????,tvakpatra? laghu t?k??o??a? ka?u tikta? ca rucyakam | kaphav?tahara? ka??harukpramehavin??anam ||,Rasa: Katu Tikta Madhura; Virya: Usna; Vipaka: Katu,Pramehahara (Antidiabetic) Dipana Hridya
M-023,Haritaki,Terminalia chebula,Combretaceae,Chebulinic Acid,CC1C2C(C(C(O1)OC(=O)C3=CC(=C(C(=C3)O)O)O)OC(=O)C4=CC(=C(C(=C4)O)O)O)OC(=O)C5=CC(=C(C(=C5)O)O)O,Antiviral,Hepatitis C Virus NS3/4A Protease,4A92,?????? ????????? ????? ?????????? ?????????????????????????????????????,har?tak? m?nu????? m?teva hitak?ri?? | pramehaku??ha?oth?r?a?k?mal?krimin??in? ||,Rasa: Kasaya Madhura Amla Katu Tikta; Virya: Usna; Vipaka: Madhura,Tridosahara Anulomana (Laxative) Krimighna
M-024,Baheda,Terminalia bellirica,Combretaceae,Bellericanin,C1=CC(=C(C=C1)O)C2=CC(=O)C3=C(O2)C=C(C(=C3O)O)O,Antimicrobial,Staphylococcus aureus Dihydrofolate Reductase,2W9S,??????? ?????????? ????? ???????????? ?????????? ????????? ?????? ?????????????,bibh?taka? sv?dup?ka? ka??ya? kaphapittanut | u??av?rya? cak?u?ya? ke?ya? krimin??anam ||,Rasa: Kasaya; Virya: Usna; Vipaka: Madhura,Krimighna Kanthya (Throat-soothing) Chakshushya
M-025,Bel,Aegle marmelos,Rutaceae,Marmin,CC(=CCOCCC1=CC=C2C(=C1)C=CC(=O)O2)C,Gastroprotective,H+/K+-ATPase (Proton Pump),5YLV,?????? ????? ????? ????? ????? ???? ????? ???????? ?????? ???????????????????,bilva? ka??ya? madhura? p?caka? d?pana? laghu | u??a? kaphav?tahara? gr?h? vibandh?dhm?nana?anam ||,Rasa: Kasaya Tikta Madhura; Virya: Usna; Vipaka: Katu,Grahi (Gastroprotective) Dipana Pachana
M-026,Pippali,Piper longum,Piperaceae,Piperlongumine,C1CC(=O)NC(=O)C1/C=C/C2=CC(=C(C(=C2)OC)OC)OC,Anticancer,Human Glutathione S-Transferase P1,11GS,??????? ????? ?????? ?????????? ??????? ????? ???????????? ????????????????????,pippal? ka?uk? tikt? sv?dup?k? ras?yan? | d?pan? ?v?sak?saghn? prameh?r?a?k?ay?pah? ||,Rasa: Katu; Virya: Anushnasheeta; Vipaka: Madhura,Rasayana Dipana Shwasahara Kasanut
M-027,Chitrak,Plumbago zeylanica,Plumbaginaceae,Plumbagin,CC1=CC(=O)C2=C(C1=O)C=CC(=C2)O,Anticancer,Human AKT1 Kinase,3O96,??????? ?????????? ????? ????? ????? ???????? ?????????????????????????,citrako vahnisad??a? p?caka? d?pano laghu? | kaphav?taharo ?oth?r?a?ku??hakrimin??ana? ||,Rasa: Katu; Virya: Usna; Vipaka: Katu,Deepana Pachana Lekhaniya (Anti-proliferative)
M-028,Manjistha,Rubia cordifolia,Rubiaceae,Alizarin,C1=CC=C2C(=C1)C(=O)C3=C(O2)C=C(C(=C3O)O)O,Antimicrobial,Staphylococcus aureus Tyrosyl-tRNA Synthetase,1JIJ,????????? ????? ?????? ????????? ???????? ?????????????????????????????????????,mañji??h? madhur? tikt? ka??yo??? vi??har? | ?othatvagdo?ameh?sraku??haka???vra??pah? ||,Rasa: Tikta Kasaya Madhura; Virya: Usna; Vipaka: Katu,Raktashodhaka (Blood Purifier) Vranaropana Krimighna
M-029,Sadabahar,Catharanthus roseus,Apocynaceae,Vincristine,CCC1CC2CC(C3=C(CN(C2)C1)C4=CC=CC=C4N3)(C5=C(C=C6C(=C5)C7C8(CC9CC(C8N(C7=O)C)(C(C9)(C(=O)OC)O)CC)O)OC)C(=O)OC,Anticancer,Human Tubulin Beta Chain,4EB6,???????? ??????????????? ???? ??????? ?????????????? ???????????????? ????,sad?bah?ro madhurastiktastu varada? sm?ta? | raktapradaran???ya granthyarbudaharo mata? ||,Rasa: Tikta Madhura; Virya: Usna; Vipaka: Katu,Arbudahara (Anticancer/Anti-tumor) Raktashodhaka
M-030,Senna,Senna alexandrina,Fabaceae,Sennoside A,C1=CC=C2C(=C1)C(=O)C3=C(C2=O)C(=CC(=C3)C(=O)O)C4C5=C(C(=O)C6=CC=CC=C6C5=O)C(=CC(=C4)C(=O)O)O,Laxative,Human Aquaporin-4,3GD8,??????????? ? ????? ?????????? ?????? ????? ????????????????? ?????????????????,m?rka??ik? ca ka?uk? tikto??? bhedin? laghu? | mal?va??ambha??laghn? yak?droghavin??in? ||,Rasa: Katu Tikta; Virya: Usna; Vipaka: Katu,Virechana (Laxative) Anulomana Malabhedini
M-031,Castor (Eranda),Ricinus communis,Euphorbiaceae,Ricinoleic Acid,CCCCCCC(CC=CCCCCC(=O)O)O,Laxative,Prostaglandin EP3 Receptor,6M9T,?????? ??????????? ???????? ????????????? ???????????????????? ????? ?????,era??o madhuro??a?ca t?k??o vi?vibandhah? | ??la?othakaph?ta?kav?taghno medaha? param ||,Rasa: Madhura Katu Kasaya; Virya: Usna; Vipaka: Madhura,Virechana (Laxative) Shoolahara Vatahara
M-032,Karanja,Millettia pinnata,Fabaceae,Karanjin,CC1=C(C=C2C(=C1)C(=O)C3=C(O2)C=CC=C3)C4=CC=CC=C4,Antimicrobial,Escherichia coli DNA Gyrase A,1AB4,?????? ???????????? ?????????? ?????????? ??????????????? ???????????????????,karañja? ka?ukastikto v?ryo??a? kaphav?tajit | vra?a?odhanak?ccaiva krimiku??havin??ana? ||,Rasa: Katu Tikta; Virya: Usna; Vipaka: Katu,Krimighna (Antimicrobial) Vrana-shodhana Kusthahara
M-033,Bakuchi,Psoralea corylifolia,Fabaceae,Bakuchiol,CC(=CCCC(C)(C=C)C1=CC=C(C=C1)O)C,Antimicrobial,Streptococcus mutans Sortase A,3HQE,?????? ????? ?????? ??????? ??????? ????? ?????? ??????? ? ??????? ???? ???? ? ???,b?kuc? madhur? tikt? ka?up?k? ras?yan? | hanti ku??ha? prameha? ca krimi? ke?? hit? ca s? ||,Rasa: Tikta Katu; Virya: Usna; Vipaka: Katu,Kusthaghna (Anti-leprotic/Skin-cure) Krimighna Rasayana
M-034,Methi (Fenugreek),Trigonella foenum-graecum,Fabaceae,Trigonelline,C[N+]1=CC=CC=C1C(=O)[O-],Antidiabetic,Glucose Transporter Type 4 (GLUT4),4GJS,?????? ????? ?????? ??????? ?????? ????? ??????????????????? ?????? ???????? ????,methik? ka?uk? tikt? v?taghn? d?pin? laghu? | jvar?ruciprameh???? n??in? pu??ik? mat? ||,Rasa: Katu Tikta; Virya: Usna; Vipaka: Katu,Pramehahara (Antidiabetic) Vatahara Dipana
M-035,Gokhru,Tribulus terrestris,Zygophyllaceae,Protodioscin,CC1CCC2(C(O1)C(C3C2(CCC4C3CCC5C4(CCC(C5)OC6C(C(C(C(O6)CO)O)O)O)C)C)O)C,Anticancer,Human Androgen Receptor,1X4V,???????? ????? ??????? ?????? ??????????? ????? ????????? ???????????????????,gok?ura? ??tala? sv?du? balak?d basti?odhana? | madhuro d?pana?caiva a?mar?k?cchr?n??ana? ||,Rasa: Madhura; Virya: Shita; Vipaka: Madhura,Mootrala (Diuretic) Bastishodhana A?mar?hara
M-036,Bhringraj,Eclipta prostrata,Asteraceae,Wedelolactone,COC1=CC2=C(C=C1)C3=C(C(=O)O2)C4=C(C=C(C=C4O3)O)O,Hepatoprotective,Human Caspase-8,1QTN,????????? ?????????? ?????????? ?????????? ?????????????? ?????????? ????????????????,bh??gar?ja? ka?ustikta r?k?o??a? kaphav?tanut | ke?yastvacyo krimighna?ca yak?droghavin??ana? ||,Rasa: Katu Tikta; Virya: Usna; Vipaka: Katu,Keshya (Hair Growth) Yakrut-protective Kusthaghna
M-037,Punarnava,Boerhavia diffusa,Nyctaginaceae,Punarnavine,CNC1CCC2=C(C1)C=CC=C2,Diuretic / Renal,Human Adenosine A1 Receptor,5UEN,???????? ????????? ?????? ? ????? ???? ??????? ??????? ??? ?????????????????,punarnav? bhavedu??? tikt? ca madhur? rase | ?othaghn? m?tral? caiva bastiroghavin??in? ||,Rasa: Madhura Tikta Kasaya; Virya: Usna; Vipaka: Katu,Mootrala (Diuretic) Shothahara (Anti-edema)
M-038,Safed Musli,Chlorophytum borivilianum,Asparagaceae,Boriviloside A,CC1C(C(C(C(O1)OC2C(C(OC3CC4C(C)C5CCC6C(C)C(=O)CC6C5CC4C3)CO)O)O)O)O,Adaptogenic,Human Corticotropin-Releasing Factor Receptor 1,4K5Y,????? ????? ?????? ?????????? ???????? ????? ?????? ??? ???????? ????????????,mu?al? madhur? v??y? v?ryo??? kaphan??an? | baly? ras?yan? caiva pu??ik? dh?tuvardhin? ||,Rasa: Madhura; Virya: Usna; Vipaka: Madhura,Vrishya (Aphrodisiac) Balya Dh?tu-Rasayana
M-039,Tulsi,Ocimum sanctum,Lamiaceae,Ursolic Acid,CC1CCC2(CCC3(C(=CCC4C3(CCC5C4(CCC(C5(C)C)O)C)C)C2C1O)C)C(=O)O,Anticancer,Matrix Metalloproteinase-9 (MMP-9),1L6J,????? ????? ?????? ?????? ????? ????????????? ????? ?????????????????????????????????????,tulas? ka?uk? tikt? h?dy? u??? d?hapittak?t | d?pan? ku??hak?cchr?strap?r?va??lavin??in? ||,Rasa: Katu Tikta; Virya: Usna; Vipaka: Katu,Krimighna Hridya (Cardioprotective) Dipana
M-040,Neem,Azadirachta indica,Meliaceae,Azadirachtin,CC1=CC23C(C(C4(C(O2)C5(C3(C(C1(O)C(=O)OC)O)O)CC(O5)(C(=O)OC)C6=CC=CO6)O)OC(=O)C)OC(=O)/C(=C/C)/C,Anticancer,Human Topoisomerase II alpha,1ZXM,?????? ???? ??????????? ?????????????? ????????? ??????????? ????????? ????????????,nimba? ??to laghustikto vra?a?odhanaropa?a? | cak?u?ya? kaphapittaghna? ku??hah?t k?mih?tpara? ||,Rasa: Tikta Kasaya; Virya: Shita; Vipaka: Katu,Krimighna (Antimicrobial) Vrana-shodhana Kusthaha
M-041,Ashwagandha,Withania somnifera,Solanaceae,Withanone,CC1=C(C(=O)C2=C(C1O)C3CCC4C5CC6C(C5(CCC4(C3(C2)C)O)C)OC(=O)C6(C)O)C7CC(=O)OC7,Neuroprotective,Acetylcholinesterase (AChE),4EY7,????????? ??????????????????????????????? ????? ?????? ?????? ????????? ???????????,a?vagandh? anil??le?ma?vitra?othak?ay?pah? | baly? ras?yan? tikt? ka??yo??? ati?ukral? ||,Rasa: Tikta Kasaya Madhura; Virya: Usna; Vipaka: Madhura,Rasayana (Rejuvenative) Balya Shothahara
M-042,Amla,Phyllanthus emblica,Phyllanthaceae,Ellagic Acid,C1=C2C3=C(C(=C1)O)OC(=O)C4=CC(=C(C(=C43)OC2=O)O)O,Anticancer,Protein Kinase CK2 alpha subunit,3BOW,??????????? ????????????? ??? ???????? ??? ????? ?????? ????????? ? ????????,vaya?sth?pan?? dh?tr?phalamamla? rase sm?tam | para? kaphahara? v??ya? cak?u?ya? ca ras?yanam ||,Rasa: Amla Madhura Tikta Kasaya Katu; Virya: Shita; Vipaka: Madhura,Rasayana Vayasthapana (Anti-aging) Chakshushya
M-043,Giloy,Tinospora cordifolia,Menispermaceae,Tinosporaside,CC1=CC2=C(C(=O)O1)C3C(C4C2(CCC4(C)O)O)C5(C3CC(O5)C6=COC=C6)C,Immunomodulatory,Interleukin-6 (IL-6),1ALU,?????? ????? ?????? ?????????? ??????? ????????????????????????????????????????,gu??c? ka?uk? tikt? sv?dup?k? ras?yan? | jvaraku??haprameh?r?a?ka???h?droghav?tanut ||,Rasa: Tikta Kasaya; Virya: Usna; Vipaka: Madhura,Pramehahara (Antidiabetic) Rasayana Tridosashamana
M-044,Ginger,Zingiber officinale,Zingiberaceae,6-Shogaol,CCCCCC=CC(=O)CCC1=CC(=C(C=C1)O)OC,Anti-inflammatory,Human TNF-alpha,2AZA,???????? ????? ????? ?????? ??????????? ???????????? ?????? ?????????????????,?rdraka? ka?uka? d?pana? co??a? v?takaph?paham | ??lah?dbhedana? h?dya? vibandh?n?han??anam ||,Rasa: Katu; Virya: Usna; Vipaka: Katu,Dipana (Digestive) Shoolahara Hridya
M-045,Cinnamon,Cinnamomum verum,Lauraceae,Cinnamic Acid,C1=CC=C(C=C1)/C=C/C(=O)O,Antidiabetic,Protein Tyrosine Phosphatase 1B (PTP1B),1XBO,?????????? ??? ???????????? ??? ?????? ? ????????? ???????? ???????????????????????,tvakpatra? laghu t?k??????? ka?u tikta? ca rucyakam | kaphav?tahara? ka??harukpramehavin??anam ||,Rasa: Katu Tikta Madhura; Virya: Usna; Vipaka: Katu,Pramehahara (Antidiabetic) Dipana Hridya
M-046,Arjuna,Terminalia arjuna,Combretaceae,Arjunolic Acid,CC1CCC2(CCC3(C(=CCC4C3(CCC5C4(CCC(C5(C)C)O)O)C)C2C1O)C)C(=O)O,Cardioprotective,Beta-1 Adrenergic Receptor,7JVP,???????????? ???????? ??????????? ??????? ???????????????????????????? ??,kakubho'rjuna? k?rtita? sy?cch?tala? ka??yako | h?droghak?atak?ayavi?apra?amano'pi ca ||,Rasa: Kasaya; Virya: Shita; Vipaka: Katu,Hridya (Cardioprotective) Raktastambhana K?atahara
M-047,Licorice (Mulethi),Glycyrrhiza glabra,Fabaceae,Liquiritigenin,C1CC(=O)C2=C(C=C(C=C2O1)O)C3=CC=C(C=C3)O,Estrogenic,Estrogen Receptor Beta (ER-?),1QKM,???????? ??? ?????? ?????? ??????????? ???? ????????? ?????? ? ????????????????,ya???madhu rasa? sv?du su??la? balavar?ak?t | guru cak?u???? ?????? ? ????????????????,Rasa: Madhura; Virya: Shita; Vipaka: Madhura,Vranashothahara Varnya Balya Jvarahara
M-048,Guggul,Commiphora mukul,Burseraceae,Guggulsterone Z,CC=C1CCC2C3CCC4=CC(=O)CCC4(C3CCC12C)C,Anticancer,NF-kB p50/p65 Heterodimer,1VKX,????????? ???????????? ?????????? ?????????? ??????? ??? ??????? ???????????? ?????,guggulu? ka?ukastikto v?ryo??a? kaphav?tajit | medohara? para? vra?ya? kledameh?paho ?????,Rasa: Katu Tikta Kasaya; Virya: Usna; Vipaka: Katu,Medohara (Hypolipidemic) Shothahara Lekhaniya
M-049,Sarpagandha,Rauvolfia serpentina,Apocynaceae,Ajmaline,CC1=CC2C3CC4C5C(C3(CN2C1)O)NC6=CC=CC=C56,Antiarrhythmic,Human Voltage-Gated Sodium Channel Nav1.5,6UZ3,????????? ?? ?????????? ????? ? ??????? ??????????? ??????????? ???????????,sarpagandh? tu tikto??? ka?uk? ca kaph?pah? | nidr?prad? raktav?ta?aman? k?mamandin? ||,Rasa: Tikta Katu; Virya: Usna; Vipaka: Katu,Nidraprada (Sedative) Raktavata-shamana (Antihpertensive)
M-050,Vasaka,Justicia adhatoda,Acanthaceae,Vasicinone,C1CC2=NC3=CC=CC=C3C(=O)C4C2(C1)N=C(O4)C,Mucolytic,Human Muscarinic Acetylcholine Receptor M3,4DA4,????? ?????? ???? ????????? ? ???????? ???? ?????? ????????? ????????????????,v?sako v?sik? v?s? bhi?a?m?t? ca si?hik? | v?s? tikt? ka??yo??? kaphapittavin??in? ||,Rasa: Tikta Kasaya; Virya: Shita; Vipaka: Katu,Kashahara (Antitussive) Shwasahara (Bronchodilator)
